<?xml version="1.0" encoding="UTF-8"?>
<project-private xmlns="http://www.netbeans.org/ns/project-private/1">
    <editor-bookmarks xmlns="http://www.netbeans.org/ns/editor-bookmarks/2" lastBookmarkId="0"/>
    <open-files xmlns="http://www.netbeans.org/ns/projectui-open-files/2">
        <group>
            <file>file:/Users/prajjawal05/Desktop/Project/src/Form_HOD.java</file>
            <file>file:/Users/prajjawal05/Desktop/Project/src/Form_EMP.java</file>
            <file>file:/Users/prajjawal05/Desktop/Project/src/Welcome.java</file>
            <file>file:/Users/prajjawal05/Desktop/Project/src/Form_HRM.java</file>
            <file>file:/Users/prajjawal05/Desktop/Project/src/First.java</file>
        </group>
    </open-files>
</project-private>
